gears,mpg,horsepower,torque
6,25,250,236
6,28,200,207
6,30,200,207
6,28,200,207
6,28,200,207
6,27,265,243
6,26,265,243
6,18,350,325
6,20,280,266
6,30,211,258
6,27,211,258
6,26,265,243
6,29,280,254
6,26,305,273
6,17,555,500
6,17,555,500
6,17,555,500
6,17,555,500
5,25,185,190
5,25,185,190
4,25,185,190
5,25,185,190
5,25,185,190
4,25,185,190
5,25,185,190
5,26,185,190
4,25,185,190
4,18,310,334
4,12,310,334
4,17,310,334
4,17,310,334
6,12,280,295
6,12,324,373
4,13,310,334
4,17,310,334
4,20,195,260
4,19,302,305
4,20,195,260
4,20,195,260
4,20,195,260
4,19,302,305
6,26,350,276
6,26,350,276
6,26,350,276
6,29,227,236
5,30,227,236
5,30,227,236
6,29,227,236
6,15,530,774
6,14,621,590
6,14,621,590
6,14,621,590
6,19,621,590
6,13,552,479
6,19,600,553
6,17,600,553
6,17,600,553
6,17,552,479
5,28,227,236
6,28,227,236
5,28,227,236
5,29,168,170
5,30,227,236
5,30,227,236
6,27,227,236
6,30,250,266
6,26,300,325
6,26,325,354
6,26,300,325
6,27,240,236
6,22,311,325
6,24,281,295
6,27,235,236
5,30,227,236
6,26,227,236
5,31,168,170
6,22,300,325
6,25,240,236
6,21,281,295
6,27,235,236
6,25,240,236
6,22,300,325
6,21,281,295
6,22,235,236
5,23,270,278
5,22,270,278
5,22,270,278
5,23,270,278
5,22,270,278
6,22,240,236
6,21,311,325
6,22,235,236
6,19,311,325
6,27,235,236
4,23,157,178
5,23,270,278
5,22,270,278
5,22,270,278
5,23,270,278
5,22,270,278
6,30,200,207
6,25,271,251
5,31,190,162
5,31,190,162
5,31,190,162
5,28,271,251
5,31,190,162
5,31,190,162
5,31,190,162
6,25,332,270
7,25,332,270
6,25,332,270
7,25,332,270
6,25,332,270
6,25,332,270
7,25,332,270
7,25,332,270
6,30,200,207
6,26,332,270
6,26,332,270
7,26,332,270
6,26,332,270
6,30,200,207
7,26,332,270
6,26,332,270
6,26,332,270
7,26,332,270
6,31,211,258
8,29,211,258
6,31,211,258
8,29,211,258
5,38,120,112
5,38,120,112
5,38,120,112
5,37,120,112
5,37,120,112
5,37,120,112
5,30,227,236
6,29,227,236
5,30,227,236
6,29,227,236
6,27,211,258
6,30,211,258
5,29,168,170
5,27,227,236
8,29,211,258
8,29,211,258
6,30,211,258
5,32,190,162
5,33,190,162
6,26,271,251
5,32,190,162
5,29,271,251
5,33,190,162
5,33,190,162
5,38,120,112
5,38,120,112
5,37,120,112
5,37,120,112
5,31,177,161
5,31,177,161
5,31,177,161
5,31,177,161
5,31,190,162
5,31,190,162
5,31,190,162
5,31,190,162
5,29,271,254
6,29,268,248
6,29,268,248
7,26,332,270
7,26,332,270
6,26,332,270
6,26,332,270
6,28,268,248
6,28,268,248
6,28,268,248
6,33,169,167
6,32,169,167
6,33,169,167
6,32,169,167
6,29,268,248
6,33,179,171
6,32,179,171
6,29,268,248
6,32,169,167
6,29,268,248
5,36,160,146
5,36,160,146
5,35,140,136
4,34,140,136
5,35,140,136
4,34,140,136
5,35,140,136
4,34,140,136
4,34,140,136
5,35,140,136
4,34,140,136
5,35,140,136
4,34,140,136
5,35,140,136
4,34,140,136
5,35,140,136
4,34,140,136
6,31,175,180
6,27,270,258
6,26,300,325
6,29,240,236
6,23,325,354
6,25,240,236
6,23,300,325
6,23,300,325
6,25,240,236
6,23,240,236
6,23,240,236
6,32,175,180
6,27,270,258
6,33,169,167
6,32,169,167
6,33,169,167
6,32,169,167
6,28,268,248
6,33,179,171
6,32,179,171
6,28,268,248
6,32,169,167
6,28,268,248
6,22,235,236
6,22,240,236
6,21,281,295
6,22,300,325
6,25,240,236
5,26,227,236
5,30,227,236
6,14,567,516
6,17,552,479
6,17,600,553
5,35,140,136
4,34,140,136
5,35,140,136
4,34,140,136
6,18,600,553
6,17,600,553
6,17,552,479
6,15,500,738
5,35,132,128
4,34,132,128
4,34,132,128
5,35,132,128
4,34,132,128
8,20,563,575
8,29,211,258
6,26,211,258
6,18,453,531
6,18,453,531
6,31,211,258
8,29,211,258
6,18,453,531
8,29,211,258
6,31,211,258
6,30,211,258
6,27,265,243
6,27,211,258
6,18,453,531
8,20,563,575
5,29,271,254
6,18,453,531
5,33,177,161
5,34,177,161
5,34,177,161
5,34,177,161
5,33,190,162
5,34,190,162
5,30,271,254
5,34,190,162
5,30,271,254
6,18,453,531
6,18,453,531
6,18,453,531
5,33,170,177
6,31,170,177
6,29,115,125
6,29,115,125
6,31,170,177
6,31,170,177
5,34,115,125
6,31,170,177
5,33,170,177
5,33,170,177
5,33,170,177
5,34,115,125
5,35,132,128
4,34,132,128
5,35,132,128
4,34,132,128
4,34,132,128
4,34,132,128
5,30,158,162
5,30,158,162
5,22,260,271
6,20,260,271
5,21,260,271
8,28,310,325
6,26,300,310
6,30,170,177
6,30,170,177
6,30,170,177
5,30,170,177
5,30,170,177
6,30,170,177
6,30,170,177
5,30,170,177
6,30,170,177
5,30,170,177
5,30,170,177
6,31,200,207
6,31,200,207
6,41,140,236
6,30,170,177
6,30,170,177
6,41,140,236
5,22,260,271
6,19,260,271
5,21,260,271
6,25,187,186
6,25,270,248
5,22,270,248
6,25,187,186
5,24,270,248
5,22,270,248
5,24,270,248
5,22,270,248
6,27,187,186
5,24,270,248
5,23,270,248
5,24,270,248
5,23,270,248
5,24,270,248
5,23,270,248
5,24,270,248
5,23,270,248
5,27,271,254
5,27,271,254
5,26,271,254
6,18,381,401
6,18,381,401
5,32,132,128
4,32,132,128
5,28,158,162
5,29,158,162
4,26,158,162
5,16,631,738
5,16,543,664
5,16,604,738
5,16,631,738
5,16,620,738
5,16,543,664
5,16,604,738
5,16,631,738
5,16,620,738
5,16,543,664
5,16,604,738
5,16,604,738
5,16,620,738
5,32,132,128
4,31,132,128
5,28,158,162
5,29,158,162
4,26,158,162
5,28,158,162
5,29,158,162
4,31,132,128
5,18,317,385
5,18,317,385
5,18,317,385
5,19,317,385
5,18,317,385
5,18,317,385
5,33,170,177
6,31,170,177
5,33,170,177
6,31,170,177
6,31,170,177
6,31,170,177
6,42,140,236
5,35,108,105
5,35,108,105
4,34,108,105
5,35,108,105
4,34,108,105
6,31,200,207
6,31,200,207
6,27,280,265
6,25,280,265
6,24,350,325
6,26,300,310
5,35,108,105
5,35,108,105
4,34,108,105
5,35,108,105
4,34,108,105
6,23,350,325
6,26,300,310
6,26,300,310
8,28,310,325
8,27,372,328
8,27,372,328
5,18,317,385
5,18,317,385
5,18,317,385
5,18,317,385
5,18,317,385
5,18,317,385
6,23,350,325
6,23,350,325
6,30,122,127
6,30,122,127
6,30,122,127
6,30,122,127
8,27,211,258
6,23,270,243
8,27,211,258
6,23,270,243
5,27,271,254
5,27,271,254
5,25,271,254
6,23,270,243
6,23,270,243
5,34,140,128
5,36,140,128
5,34,140,128
5,36,140,128
5,34,140,128
5,36,140,128
5,36,140,128
6,29,197,139
8,22,333,325
8,22,280,295
8,25,225,406
6,20,550,398
5,35,108,105
5,35,108,105
4,34,108,105
5,35,108,105
4,34,108,105
8,24,380,367
8,23,357,344
8,24,380,367
8,23,357,344
6,20,560,398
6,20,560,398
6,40,138,123
6,40,138,123
6,40,138,123
6,40,138,123
8,24,380,367
8,23,357,344
8,24,380,367
8,23,357,344
4,36,110,106
5,34,110,106
5,34,110,106
5,34,110,106
4,36,110,106
5,34,110,106
4,36,110,106
5,34,110,106
4,36,110,106
5,36,110,106
6,40,138,123
6,40,138,123
4,36,110,106
5,34,110,106
5,34,110,106
4,36,110,106
6,28,260,233
6,27,283,263
5,26,263,257
5,26,234,226
8,22,333,325
8,22,272,295
8,25,225,406
6,19,280,266
6,25,225,406
6,18,350,325
4,28,179,172
4,27,179,172
5,27,269,246
5,26,269,246
4,28,179,172
4,27,179,172
5,27,269,246
5,26,269,246
4,28,179,172
4,27,179,172
5,27,269,246
5,26,269,246
6,29,122,127
6,29,122,127
5,30,227,236
6,28,323,278
6,30,323,278
6,28,323,278
6,30,323,278
6,24,426,420
6,24,426,420
6,24,426,420
6,24,426,420
6,31,188,177
6,31,188,177
6,28,312,278
6,30,312,278
6,28,312,278
6,30,312,278
6,24,426,420
6,24,426,420
6,24,426,420
6,25,426,420
6,26,228,221
7,26,228,221
7,25,268,258
6,27,230,200
6,26,300,300
6,26,300,300
6,28,230,200
6,28,323,278
6,30,323,278
6,28,323,278
6,30,323,278
6,24,426,420
6,24,426,420
6,24,426,420
6,24,426,420
6,28,323,278
6,29,323,278
7,19,228,221
7,26,228,221
6,40,145,130
6,40,148,131
6,40,148,131
6,40,145,130
6,40,148,131
6,40,148,131
6,40,148,131
6,40,145,130
6,40,148,131
6,40,145,130
4,34,138,136
4,34,132,133
5,34,138,136
4,34,132,133
4,34,138,136
6,32,175,172
6,33,175,172
6,33,175,172
6,28,240,223
6,33,175,172
6,28,240,223
6,19,240,223
6,27,263,249
6,25,263,249
6,31,200,207
6,31,200,207
6,31,280,265
6,29,175,172
6,33,175,172
6,29,175,172
6,33,175,172
6,21,240,228
6,19,240,228
6,27,263,249
6,24,263,249
6,21,240,228
6,33,175,172
6,31,175,172
6,34,175,172
6,29,175,172
6,27,240,228
6,31,175,172
6,20,240,228
6,18,240,228
6,27,263,249
6,24,263,249
6,31,175,172
6,34,156,144
6,36,156,144
6,36,156,144
6,32,173,168
6,25,225,406
6,34,156,144
6,36,156,144
6,32,173,168
6,32,173,168
6,33,156,144
6,34,156,144
6,32,173,168
6,31,173,168
6,20,420,317
6,19,525,391
5,34,156,144
4,34,156,144
5,34,156,144
4,34,156,144
5,36,156,144
6,32,173,168
5,31,173,168
6,20,430,316
6,19,525,391
4,30,138,136
5,31,138,136
5,31,138,136
4,30,138,136
5,31,138,136
4,30,138,136
4,30,138,136
5,31,138,136
5,31,138,136
4,30,138,136
5,31,138,136
4,30,138,136
5,31,138,136
4,30,138,136
6,24,385,333
6,24,385,333
8,26,385,333
8,29,333,291
8,26,429,376
5,34,156,144
4,34,156,144
6,32,173,168
5,31,173,168
6,35,200,186
6,34,200,186
6,34,200,186
6,34,274,269
6,34,274,269
5,34,140,128
5,36,140,128
5,34,140,128
5,36,140,128
5,34,140,128
5,36,140,128
5,34,140,128
5,36,140,128
6,29,197,139
6,40,166,154
5,32,175,169
5,32,175,169
5,32,175,169
5,28,194,184
5,32,175,169
5,28,194,184
5,34,110,107
4,36,110,107
4,36,110,107
6,27,290,264
6,25,385,333
6,25,368,324
6,27,290,264
6,30,210,223
6,26,306,266
6,27,306,266
6,30,210,223
5,30,210,223
6,26,306,266
6,27,306,266
5,30,210,223
5,30,210,223
6,30,210,223
5,30,210,223
6,27,306,266
6,26,306,266
6,30,210,223
6,26,306,266
6,27,306,266
6,30,210,223
6,27,306,266
6,27,306,266
6,30,210,223
5,30,210,223
6,30,210,223
6,26,306,266
6,27,306,266
6,26,306,266
5,30,210,223
6,26,306,266
6,30,210,223
7,19,451,443
6,31,200,207
6,31,200,207
6,29,305,280
6,31,305,280
6,29,305,280
6,31,305,280
6,26,412,390
6,25,412,390
6,26,412,390
6,25,412,390
6,26,444,380
7,25,228,221
6,30,305,280
6,30,305,280
6,30,305,280
6,30,305,280
6,30,412,390
6,25,412,390
6,30,412,390
6,25,412,390
6,29,305,280
6,30,305,280
6,29,305,280
6,30,305,280
6,26,412,390
6,25,412,390
6,26,412,390
6,25,412,390
6,29,305,280
6,31,305,280
6,29,305,280
6,31,305,280
6,26,412,390
6,25,412,390
6,26,412,390
6,25,412,390
6,26,228,221
7,19,451,443
7,25,228,221
7,26,228,221
7,25,268,258
7,19,228,221
4,36,110,107
4,36,110,107
5,34,110,107
4,36,110,107
5,34,110,107
4,36,110,107
6,31,200,207
5,34,110,107
5,34,110,107
4,36,110,107
5,34,110,107
4,36,110,107
5,31,122,115
5,30,142,137
4,30,142,137
4,30,142,137
4,30,142,137
6,28,312,278
6,30,312,278
6,29,312,278
6,28,312,278
6,30,312,278
6,28,312,278
6,30,312,278
6,24,426,420
6,25,426,420
6,24,426,420
6,25,426,420
5,26,210,240
5,24,210,240
5,26,210,240
5,24,210,240
5,24,315,325
5,23,315,325
5,24,315,325
5,23,315,325
5,31,122,115
5,30,142,137
4,30,142,137
5,30,142,137
4,30,142,137
5,30,142,137
4,30,142,137
5,26,210,240
5,24,210,240
5,26,210,240
5,24,210,240
5,24,315,325
5,23,315,325
5,24,315,325
5,23,315,325
6,20,525,391
6,19,420,317
6,25,271,248
6,25,271,248
6,23,550,510
6,23,550,510
6,23,550,510
6,23,550,510
6,23,550,510
6,22,550,510
6,25,271,248
6,25,271,248
5,23,244,253
5,23,244,253
5,23,244,253
6,20,420,317
6,31,200,207
6,19,525,391
6,27,175,169
6,29,175,169
6,27,175,169
6,26,276,248
6,24,276,248
6,32,191,181
6,28,191,181
6,26,276,248
6,24,276,248
6,26,276,248
6,24,276,248
6,27,333,325
6,29,304,273
6,29,304,273
6,29,304,273
6,29,304,273
6,29,304,273
6,29,304,273
6,24,426,420
6,25,426,420
6,24,426,420
6,25,426,420
6,27,333,325
6,27,175,169
6,29,175,169
6,27,175,169
6,26,276,248
6,24,276,248
6,29,175,169
6,27,175,169
6,26,276,248
6,24,276,248
6,26,276,248
6,24,276,248
6,29,176,168
6,32,176,168
6,28,176,168
6,32,176,168
6,28,176,168
6,29,260,269
6,26,260,269
6,41,140,236
5,30,170,177
6,30,170,177
6,29,176,168
6,31,176,168
6,28,176,168
6,31,176,168
6,28,176,168
6,27,260,264
6,25,260,264
6,27,333,325
5,25,140,136
4,25,140,136
5,24,140,136
4,23,173,178
4,23,173,178
4,23,173,178
4,23,173,178
5,34,140,128
5,36,140,128
5,34,140,128
5,36,140,128
5,34,140,128
5,36,140,128
5,34,140,128
5,36,140,128
5,34,140,128
5,36,140,128
5,34,140,128
5,36,140,128
6,29,197,139
5,36,113,109
5,22,266,288
5,22,266,288
5,20,266,288
5,20,266,288
5,22,266,288
5,20,266,288
5,22,266,288
5,18,310,388
5,20,266,288
6,28,175,169
6,26,276,248
6,26,276,248
6,26,276,248
6,25,175,169
6,26,276,248
6,28,175,169
6,26,175,169
6,26,276,248
6,26,276,248
6,26,276,248
6,26,276,248
6,27,175,169
6,28,175,169
6,26,276,248
6,26,276,248
6,28,175,169
6,26,175,169
6,28,263,249
6,27,263,249
6,26,263,249
6,27,263,249
6,26,263,249
6,28,263,249
6,27,263,249
6,25,263,249
6,27,263,249
6,25,263,249
6,28,263,249
6,27,263,249
6,25,263,249
6,27,263,249
6,25,263,249
6,30,170,177
6,41,140,236
5,33,170,177
6,31,170,177
6,42,140,236
6,26,285,253
6,26,285,253
6,26,285,253
6,26,285,253
6,26,285,253
6,25,305,280
6,23,305,280
6,31,170,177
6,42,140,236
6,24,354,325
6,22,354,325
6,27,285,253
6,27,285,253
6,25,285,253
6,27,285,253
6,25,285,253
6,26,305,280
6,23,305,280
6,25,265,250
6,23,265,250
6,25,265,250
6,23,265,250
6,25,265,250
6,23,265,250
6,25,265,250
6,23,265,250
6,24,354,325
6,22,354,325
6,30,240,270
6,30,240,270
6,30,240,270
6,24,354,325
6,22,354,325
6,21,435,398
6,19,435,398
5,34,140,128
5,36,140,128
5,34,140,128
5,36,140,128
5,34,140,128
5,36,140,128
5,34,140,128
5,36,140,128
5,34,140,128
5,36,140,128
5,36,140,128
6,29,197,139
5,36,113,109
6,24,505,470
6,24,505,470
6,24,505,470
6,24,505,470
6,24,505,470
6,24,505,470
6,24,505,470
6,24,505,470
6,24,505,470
6,26,430,424
6,25,430,424
6,26,430,424
6,25,430,424
6,26,430,424
6,25,430,424
6,26,430,424
6,25,430,424
5,20,266,288
5,22,266,288
5,22,266,288
5,20,266,288
5,18,310,388
5,20,266,288
5,22,266,288
6,23,197,230
6,23,197,230
6,25,251,259
6,25,251,259
5,22,266,288
5,20,266,288
5,20,266,288
5,18,310,388
5,22,266,288
5,20,266,288
5,20,266,288
5,22,266,288
6,25,283,260
6,25,283,260
6,25,283,260
6,25,283,260
6,26,200,207
6,24,200,207
6,24,200,207
6,24,200,207
6,35,198,184
6,35,190,179
6,35,200,186
6,35,190,179
6,35,198,184
6,34,274,269
6,35,198,184
6,34,274,269
6,35,200,186
6,33,274,269
6,35,198,184
6,35,198,184
6,35,274,269
6,35,190,179
6,35,190,179
6,35,200,186
5,32,175,168
5,32,175,168
5,32,168,163
5,32,168,163
5,32,175,168
5,32,175,168
5,32,168,163
5,29,249,229
5,29,249,229
6,37,122,128
6,37,122,128
6,22,260,257
6,22,260,257
6,21,260,257
6,21,260,257
6,22,260,257
6,23,260,257
6,22,260,257
6,23,260,257
5,33,117,106
5,35,117,106
5,33,117,106
5,33,117,106
6,40,166,154
6,31,165,146
6,32,176,168
6,28,170,163
6,32,176,168
6,28,170,163
6,32,170,163
5,27,165,146
6,28,176,168
6,32,170,163
6,28,170,163
5,28,161,161
5,28,161,161
6,24,244,258
6,21,244,258
5,28,161,161
6,24,244,258
6,21,244,258
6,24,262,248
6,24,262,248
6,23,262,248
6,24,262,248
6,23,262,248
6,22,355,350
6,24,262,248
6,23,262,248
6,22,355,350
5,33,117,106
5,35,117,106
5,33,117,106
5,33,117,106
6,24,262,248
6,24,262,248
6,22,262,248
6,22,355,350
6,24,262,248
6,22,262,248
6,22,355,350
6,24,262,248
6,22,262,248
6,22,355,350
5,28,161,161
5,28,161,161
6,25,244,258
6,23,244,258
6,25,244,258
6,23,244,258
6,31,165,146
6,31,176,168
6,31,170,163
6,28,176,168
6,28,170,163
6,28,176,168
6,31,170,163
5,27,165,146
6,28,170,163
6,31,176,168
6,20,430,316
6,19,525,391
6,24,262,248
6,24,262,248
6,22,262,248
6,22,355,350
6,24,262,248
6,22,262,248
6,22,355,350
6,24,273,270
6,22,273,270
6,24,273,270
6,22,273,270
6,24,273,270
6,22,273,270
6,26,200,207
6,25,200,207
6,25,200,207
6,25,200,207
6,19,280,265
6,25,225,406
7,21,382,391
5,17,510,612
7,18,518,465
5,17,621,738
6,28,230,200
6,27,230,200
6,28,300,300
5,18,510,612
7,21,536,590
7,23,429,516
5,18,621,738
6,25,300,300
6,25,300,300
6,28,230,200
6,28,230,200
6,31,176,168
6,30,176,168
6,28,170,163
6,28,176,168
6,28,176,168
6,28,170,163
6,31,170,163
6,31,176,168
6,31,170,163
6,28,300,300
6,28,230,200
6,28,230,200
7,21,382,391
7,18,507,465
6,26,430,424
6,25,430,424
6,26,430,424
6,25,430,424
6,26,430,424
6,25,430,424
6,26,430,424
6,25,430,424
7,18,507,465
6,26,430,424
6,25,430,424
6,26,430,424
6,25,430,424
6,26,430,424
6,25,430,424
6,26,430,424
6,25,430,424
5,25,265,262
4,28,162,162
4,28,162,162
5,28,162,162
4,28,162,162
4,28,162,162
5,28,162,162
4,28,162,162
5,25,265,262
5,24,265,262
5,28,162,162
4,27,162,162
4,27,162,162
6,25,265,262
6,26,430,424
6,25,430,424
6,26,430,424
6,25,430,424
6,26,430,424
6,25,430,424
6,26,430,424
6,25,430,424
4,28,179,172
4,27,179,172
5,27,269,246
5,26,269,246
4,28,179,172
4,27,179,172
5,27,269,246
5,26,269,246
4,28,179,172
4,27,179,172
5,27,269,246
5,26,269,246
4,27,162,162
4,27,162,162
5,24,265,262
6,26,430,424
6,25,430,424
6,26,430,424
6,25,430,424
6,26,430,424
6,25,430,424
6,26,430,424
6,25,430,424
4,27,162,162
5,24,265,262
5,24,265,262
4,26,162,162
4,21,225,255
4,21,225,255
4,19,225,255
4,21,225,255
4,21,225,255
4,19,225,255
4,30,160,157
4,30,160,157
4,30,160,157
4,30,160,157
6,19,556,551
6,18,556,551
5,33,148,146
5,33,148,146
5,31,168,167
5,31,152,146
5,28,168,167
5,31,152,146
6,21,260,257
6,19,556,551
6,18,556,551
6,18,556,551
6,19,556,551
6,19,556,551
6,18,556,551
6,26,270,223
6,27,270,223
6,27,270,223
6,26,270,223
6,27,270,223
6,27,270,223
6,27,270,223
6,25,304,273
6,27,304,273
6,27,270,223
6,25,304,273
6,27,304,273
6,27,304,273
6,26,270,223
6,20,310,327
6,19,310,327
6,18,381,401
6,17,381,401
6,18,381,401
6,18,381,401
6,17,381,401
6,18,381,401
6,18,381,401
6,17,381,401
6,26,230,200
6,26,300,300
6,26,300,300
6,27,230,200
5,24,297,253
5,23,297,253
5,24,297,253
5,23,297,253
7,22,382,391
7,25,268,258
6,26,230,200
6,28,300,300
6,27,230,200
6,26,320,332
6,28,300,300
5,24,297,253
5,23,297,253
5,24,297,253
5,23,297,253
7,23,382,391
7,26,268,258
7,26,268,258
7,23,382,391
6,26,430,424
6,25,430,424
6,26,430,424
6,25,430,424
6,26,430,424
6,25,430,424
6,26,430,424
6,25,430,424
7,24,268,258
7,23,382,391
7,24,382,391
7,26,268,258
7,20,518,465
6,28,230,200
6,25,300,300
6,25,230,200
6,26,300,300
6,26,300,300
6,28,230,200
6,25,230,200
6,25,300,300
6,21,638,604
6,21,638,604
6,20,638,604
6,20,638,604
6,20,638,604
6,20,638,604
6,28,200,180
6,31,140,147
6,26,430,424
6,25,430,424
6,26,430,424
6,25,430,424
6,26,430,424
6,25,430,424
6,26,430,424
6,25,430,424
6,27,300,300
6,28,230,200
6,25,230,200
6,28,300,300
6,28,230,200
6,26,230,200
6,26,320,332
6,26,300,300
6,28,300,300
6,26,430,424
6,25,430,424
6,26,430,424
6,25,430,424
6,26,430,424
6,25,430,424
6,26,430,424
6,25,430,424
7,23,382,391
7,23,382,391
7,24,268,258
7,20,518,465
7,33,210,400
7,24,268,258
6,26,430,424
6,25,430,424
6,26,430,424
6,25,430,424
6,26,430,424
6,25,430,424
6,26,430,424
6,25,430,424
7,23,268,258
7,15,382,391
5,15,500,516
7,15,382,391
5,13,500,516
6,26,430,424
6,25,430,424
6,26,430,424
6,25,430,424
6,26,430,424
6,25,430,424
6,26,430,424
6,25,430,424
6,26,430,424
6,25,430,424
6,26,430,424
6,25,430,424
6,26,430,424
6,25,430,424
6,26,430,424
6,25,430,424
6,26,430,424
6,25,430,424
6,26,430,424
6,25,430,424
6,26,430,424
6,25,430,424
6,26,430,424
6,25,430,424
6,26,270,223
6,27,270,223
6,18,403,417
6,26,270,223
6,27,270,223
6,27,270,223
6,27,270,223
6,25,304,273
6,27,304,273
6,25,304,273
6,27,304,273
6,27,304,273
6,27,304,273
5,23,291,300
5,22,291,300
5,32,148,145
5,31,168,167
5,27,168,167
6,26,230,215
6,24,230,215
6,25,230,215
6,24,230,215
6,27,304,273
6,27,304,273
6,25,304,273
6,27,304,273
6,27,304,273
6,25,304,273
6,27,304,273
6,27,304,273
6,19,310,327
6,19,381,401
6,18,310,327
6,18,381,401
6,18,381,401
6,19,381,401
6,18,381,401
6,18,381,401
6,19,381,401
6,18,381,401
6,18,381,401
5,31,148,145
4,23,275,295
4,23,275,295
4,23,275,295
4,23,292,288
7,24,297,253
7,24,297,253
7,24,297,253
7,24,297,253
6,26,300,300
6,25,300,300
6,28,230,200
6,36,265,425
6,25,230,200
6,25,300,300
6,25,230,200
6,28,230,200
6,26,300,300
7,23,210,400
7,17,335,339
7,17,382,391
6,31,140,147
6,28,200,180
7,17,382,391
7,18,335,339
7,21,210,400
6,31,122,127
4,32,122,127
4,32,122,127
6,31,122,127
7,22,268,258
7,21,268,258
7,21,268,258
7,23,268,258
6,36,265,425
6,27,300,300
6,28,230,200
6,26,230,200
6,25,230,200
6,28,230,200
6,28,300,300
6,26,300,300
6,28,300,300
5,28,171,171
6,28,171,171
6,27,171,171
6,28,171,171
6,19,240,223
6,27,171,171
6,17,240,223
6,28,171,171
6,19,240,223
6,27,171,171
6,17,240,223
5,28,171,171
6,28,171,171
6,26,171,171
6,28,171,171
6,25,240,223
6,26,171,171
6,17,240,223
6,28,171,171
6,25,240,223
6,26,171,171
7,24,210,400
7,19,268,258
7,24,210,400
7,19,268,258
6,36,138,123
6,35,138,123
6,38,138,148
6,38,138,148
6,42,138,148
6,39,138,148
6,38,138,148
6,38,138,148
6,38,138,148
6,25,230,200
6,26,230,200
6,25,230,200
6,27,230,200
6,36,136,123
6,35,136,123
6,36,138,148
6,42,138,148
6,37,138,148
6,36,138,148
6,36,138,148
6,25,265,223
6,25,265,223
6,25,265,223
6,23,265,223
6,25,265,223
6,23,265,223
6,23,265,223
5,28,171,171
6,28,171,171
6,26,171,171
6,28,171,171
6,25,240,223
6,26,171,171
6,17,240,223
6,28,171,171
6,25,240,223
6,26,171,171
6,17,240,223
4,32,122,127
6,31,122,127
4,32,122,127
5,34,107,111
4,33,107,111
5,34,107,111
6,18,403,417
6,15,403,417
6,13,403,417
6,15,403,417
6,18,403,417
6,15,403,417
6,18,403,417
6,31,122,127
4,33,107,111
4,32,122,127
5,34,107,111
4,32,122,127
5,34,107,111
6,26,230,200
6,27,230,200
6,25,230,200
6,26,230,200
6,20,403,417
6,15,403,417
6,20,403,417
6,15,403,417
6,16,403,417
6,15,403,417
6,20,403,417
6,20,403,417
4,23,332,367
4,23,332,367
4,23,332,367
4,23,332,367
6,31,173,166
4,30,173,166
6,29,283,260
6,31,173,166
5,28,180,161
5,27,180,161
5,28,180,161
5,27,180,161
5,28,180,161
5,27,180,161
5,28,180,161
5,27,180,161
4,30,173,166
4,30,173,166
4,30,173,166
5,28,180,161
5,27,180,161
5,28,180,161
5,27,180,161
5,28,180,161
5,27,180,161
4,22,332,367
4,22,332,367
4,23,275,295
4,23,275,295
4,23,275,295
4,22,292,288
5,25,166,161
5,24,166,161
5,25,166,161
5,24,166,161
6,25,265,223
6,25,265,223
6,23,265,223
6,25,265,223
6,23,265,223
6,22,300,295
6,25,265,223
6,23,265,223
6,22,300,295
6,15,403,417
6,14,403,417
6,15,403,417
6,14,403,417
6,15,403,417
6,14,403,417
6,15,403,417
6,18,403,417
6,20,261,281
5,22,261,281
5,20,261,281
5,20,261,281
5,22,261,281
6,20,261,281
5,20,261,281
5,20,261,281
5,20,261,281
5,21,261,281
6,20,261,281
6,20,261,281
5,20,261,281
5,21,261,281
6,20,261,281
5,21,261,281
6,31,175,180
6,27,270,258
6,25,300,300
6,27,230,200
6,23,360,360
6,28,230,200
6,25,300,300
6,25,230,200
6,22,360,360
6,25,230,200
6,26,300,300
6,26,300,300
7,18,382,391
7,25,210,400
7,15,503,465
7,20,268,258
7,21,268,258
7,20,268,258
6,25,300,300
7,25,210,400
6,25,230,200
7,18,382,391
6,22,360,360
6,28,200,180
6,31,140,147
4,32,122,127
6,31,122,127
6,24,187,186
6,24,266,245
6,24,187,186
6,24,266,245
6,22,266,245
6,24,266,245
6,24,266,245
6,24,266,245
6,22,266,245
6,24,266,245
6,24,266,245
6,22,266,245
6,22,400,450
8,30,300,300
6,28,300,300
8,25,400,450
5,36,109,107
7,22,382,391
7,19,518,465
5,18,604,738
6,26,228,221
7,25,300,265
7,22,355,376
6,26,228,221
7,25,300,265
7,26,228,221
6,23,273,270
6,25,355,350
6,24,273,270
6,24,273,270
6,25,355,350
6,23,273,270
6,24,300,300
6,23,300,300
7,26,228,221
6,21,355,350
6,22,268,267
6,23,268,267
6,23,268,267
6,22,268,267
6,22,355,350
6,26,305,280
6,23,305,280
6,23,265,250
6,25,265,250
6,20,403,417
6,15,403,417
6,16,403,417
6,20,403,417
6,20,403,417
6,15,403,417
6,20,403,417
6,20,403,417
6,27,263,249
6,24,263,249
6,24,263,249
6,21,263,249
6,22,273,270
6,21,273,270
6,22,273,270
6,21,273,270
6,22,273,270
6,21,273,270
5,23,266,245
5,23,266,245
5,23,266,245
5,21,266,245
5,23,266,245
5,23,266,245
5,23,266,245
5,23,266,245
5,21,266,245
5,25,166,161
5,24,166,161
5,25,166,161
5,23,166,161
5,24,166,161
5,23,166,161
5,25,166,161
5,35,100,98
4,33,100,98
5,35,100,98
4,33,100,98
5,33,148,135
5,33,148,135
5,33,148,135
5,33,148,135
5,33,148,135
6,28,167,168
5,29,167,168
6,28,167,168
5,29,167,168
6,28,167,168
5,29,167,168
6,28,167,168
5,29,167,168
6,25,290,255
6,28,240,270
6,23,290,255
6,25,290,255
6,28,240,270
6,23,290,255
6,25,290,255
6,28,240,270
6,23,290,255
6,29,167,168
5,29,167,168
6,29,167,168
5,29,167,168
6,25,290,255
6,23,290,255
6,25,290,255
6,23,290,255
6,25,290,255
6,23,290,255
5,33,148,135
5,33,148,135
5,33,148,135
5,33,148,135
5,33,148,135
6,29,167,168
5,29,167,168
6,29,167,168
5,29,167,168
6,25,263,280
6,25,263,280
5,20,210,254
5,19,210,254
5,19,210,254
6,19,292,315
5,20,210,254
5,19,210,254
6,19,292,315
5,20,210,254
5,19,210,254
5,19,210,254
6,19,292,315
6,28,157,163
5,28,157,163
5,28,157,163
5,28,157,163
5,28,153,148
5,27,153,148
5,27,153,148
5,27,153,148
5,23,250,253
5,22,250,253
5,23,250,253
5,22,250,253
5,23,250,253
5,22,250,253
5,23,250,253
5,22,250,253
6,30,170,167
5,31,170,167
5,31,170,167
5,31,170,167
5,31,170,167
6,27,272,269
6,27,272,269
6,27,270,223
6,26,270,223
6,27,270,223
6,26,270,223
6,27,270,223
6,26,270,223
6,26,304,273
6,26,304,273
6,26,304,273
6,26,304,273
6,13,310,365
6,18,310,365
6,15,310,365
6,20,310,365
6,13,310,365
6,20,310,365
4,17,239,287
4,17,239,287
4,24,239,287
4,17,239,287
6,26,228,221
8,28,300,300
8,22,400,450
8,22,400,450
7,21,303,262
7,21,303,262
7,20,390,369
7,26,228,221
7,25,228,221
6,27,270,223
6,26,270,223
6,27,270,223
6,26,270,223
6,27,270,223
6,26,270,223
6,26,304,273
6,26,304,273
6,26,304,273
6,26,304,273
7,23,303,262
7,21,303,262
7,20,390,369
7,26,228,221
7,32,302,258
6,27,302,272
6,27,302,272
6,27,302,272
6,27,302,272
6,27,302,272
7,25,303,262
5,32,158,141
5,32,158,141
5,29,172,165
7,26,228,221
5,31,158,141
5,31,158,141
5,29,172,165
5,29,172,165
5,31,158,141
5,31,158,141
8,22,400,450
8,22,400,450
8,27,300,300
8,30,300,300
5,27,305,268
6,24,379,410
6,23,470,470
6,21,360,360
7,25,303,262
5,22,303,262
5,21,325,336
5,20,325,336
5,25,250,250
5,19,425,420
5,25,372,400
7,26,330,270
7,24,330,270
7,25,420,417
7,23,420,417
6,27,182,182
6,25,182,182
6,26,268,246
6,25,268,246
7,26,330,270
7,24,330,270
7,24,420,417
7,23,420,417
6,27,302,272
6,27,302,272
6,27,302,272
6,27,302,272
6,27,302,272
6,24,320,315
6,24,320,315
6,22,320,315
6,15,310,365
6,18,310,365
6,15,310,365
6,13,310,365
6,15,310,365
6,18,310,365
6,15,310,365
6,13,310,365
6,20,310,365
6,13,310,365
6,15,310,365
6,18,310,365
6,20,310,365
6,13,310,365
6,15,310,365
6,20,310,365
5,27,292,260
5,25,370,395
5,27,292,260
6,30,170,167
5,31,170,167
5,31,170,167
5,31,170,167
5,31,170,167
6,27,272,269
6,27,272,269
6,24,288,270
6,23,288,270
6,24,288,270
6,23,288,270
6,24,288,270
6,23,288,270
6,24,288,270
6,23,288,270
6,24,288,270
6,23,288,270
6,29,170,167
6,29,170,167
5,29,170,167
6,29,170,167
5,30,170,167
5,30,170,167
5,30,170,167
6,25,272,269
6,25,272,269
4,25,250,250
5,23,250,250
5,23,250,250
5,19,425,420
5,23,368,395
5,25,368,395
5,23,368,395
5,23,250,250
4,25,250,250
5,23,290,260
5,22,290,260
5,22,290,260
5,23,290,260
5,23,290,260
6,20,310,365
6,13,310,365
6,13,310,365
6,13,310,365
6,20,310,365
6,13,310,365
6,20,310,365
6,13,310,365
6,13,310,365
6,13,310,365
6,13,310,365
6,17,310,365
6,13,310,365
6,17,310,365
6,13,310,365
6,17,310,365
6,20,310,365
6,17,310,365
6,13,310,365
6,17,310,365
5,28,167,140
6,28,158,140
6,28,167,140
6,28,158,140
6,28,167,140
6,28,167,140
6,28,167,140
6,28,158,140
6,28,167,140
6,28,158,140
6,28,167,140
6,28,158,140
5,28,167,140
6,28,167,140
6,28,167,140
6,28,167,140
6,28,167,140
6,28,167,140
6,28,167,140
6,28,167,140
6,28,167,140
6,28,167,140
6,22,232,159
6,23,212,159
6,22,232,159
6,23,212,159
6,22,232,159
7,29,218,187
7,29,218,187
7,27,218,187
6,22,232,159
6,23,212,159
6,22,232,159
6,23,212,159
6,22,232,159
6,29,182,182
6,28,182,182
6,26,268,246
6,25,268,246
5,36,106,103
4,35,106,103
6,22,182,172
6,29,182,172
6,22,182,172
6,29,182,172
6,24,264,222
6,32,182,172
6,29,182,172
6,18,264,222
6,17,264,222
6,22,182,172
6,29,182,172
6,24,264,222
6,17,264,222
6,23,264,222
5,36,106,103
4,35,106,103
6,31,170,175
5,36,106,103
4,35,106,103
5,19,317,385
6,32,182,172
6,29,182,172
6,32,182,172
6,29,182,172
6,24,264,222
6,22,264,222
6,18,264,222
6,17,264,222
6,32,182,172
6,29,182,172
6,24,264,222
6,22,264,222
6,18,264,222
6,17,264,222
6,32,182,172
6,29,182,172
6,24,264,222
6,22,264,222
6,24,264,222
6,17,264,222
5,36,106,103
4,35,106,103
5,36,106,103
4,35,106,103
4,27,136,128
4,27,136,128
4,27,136,128
4,27,136,128
4,26,136,128
4,26,136,128
4,26,136,128
4,26,136,128
4,25,136,128
4,25,136,128
4,25,136,128
4,25,136,128
5,18,317,385
5,19,317,385
4,17,224,265
5,18,317,385
5,13,317,385
5,18,317,385
6,25,385,310
6,25,345,288
6,25,385,310
6,24,345,288
6,25,345,288
6,24,500,480
6,25,385,310
6,25,408,310
7,25,325,267
6,24,325,267
5,13,317,385
5,13,317,385
5,18,317,385
5,18,317,385
5,28,171,171
6,28,171,171
6,26,171,171
6,28,171,171
6,26,171,171
6,28,171,171
6,26,171,171
6,19,240,223
6,17,240,223
5,13,317,385
5,13,317,385
5,28,171,171
6,28,171,171
6,26,171,171
6,28,171,171
6,26,171,171
6,28,171,171
6,26,171,171
6,25,240,223
6,23,240,223
5,36,106,103
4,35,106,103
5,38,106,103
4,35,106,103
4,35,106,103
6,24,500,480
6,25,345,288
6,26,385,310
6,25,385,310
6,26,345,288
6,25,408,310
5,20,360,390
5,22,290,260
5,22,290,260
5,23,290,260
5,20,360,390
6,25,283,260
6,25,283,260
6,25,283,260
6,25,283,260
6,25,283,260
5,20,210,235
5,20,357,389
5,19,210,235
5,19,357,389
5,20,357,389
5,19,357,389
5,29,158,141
5,28,172,165
6,24,288,270
6,23,288,270
6,24,288,270
6,23,288,270
6,24,288,270
6,23,288,270
6,24,288,270
6,23,288,270
5,25,185,190
4,25,185,190
5,24,185,190
4,23,242,242
6,32,182,172
4,23,242,242
6,29,182,172
5,25,185,190
4,25,185,190
5,24,185,190
4,23,185,190
4,23,242,242
6,32,182,172
4,23,242,242
6,29,182,172
5,25,185,190
4,25,185,190
5,25,185,190
4,23,185,190
4,23,242,242
6,32,182,172
4,23,242,242
6,29,182,172
5,25,185,190
4,25,185,190
5,24,185,190
4,23,185,190
4,23,242,242
4,20,300,320
4,23,242,242
5,25,185,190
4,25,185,190
4,20,300,320
4,21,242,242
4,19,300,320
4,23,242,242
6,29,182,172
5,25,185,190
6,32,182,172
4,23,242,242
4,23,242,242
4,20,300,320
4,19,300,320
4,23,242,242
4,21,242,242
4,20,300,320
4,19,300,320
4,23,185,190
7,25,325,267
6,24,325,267
5,23,250,253
5,22,250,253
5,23,250,253
5,23,250,253
5,22,250,253
5,23,250,253
5,22,250,253
4,35,106,103
4,35,106,103
5,38,106,103
4,35,106,103
6,25,187,186
5,24,270,248
5,22,270,248
6,25,187,186
5,24,270,248
5,22,270,248
5,24,270,248
5,22,270,248
6,25,251,259
6,23,197,230
4,24,175,205
4,24,175,205
6,23,197,230
5,29,158,141
5,28,172,165
5,28,172,165
5,29,158,141
5,28,172,165
5,28,172,165
6,29,182,172
5,28,172,165
4,26,173,166
6,24,280,260
6,24,280,260
6,24,280,260
7,25,325,267
6,24,325,267
7,27,328,269
7,27,328,269
7,25,328,269
6,25,328,269
6,22,360,360
7,27,328,269
7,25,328,269
6,25,328,269
6,22,400,450
6,21,400,450
6,20,400,450
6,20,400,450
8,19,535,550
6,21,400,450
6,22,400,450
6,32,182,172
6,29,182,172
6,32,182,172
6,32,182,172
6,29,182,172
6,32,182,172
6,29,182,172
6,29,182,172
6,20,400,450
8,19,535,550
6,22,400,450
6,20,400,450
6,22,400,450
6,25,315,330
6,25,315,330
6,20,400,450
4,25,173,166
6,23,235,232
6,23,235,232
6,23,235,232
6,24,235,232
6,24,235,232
6,24,235,232
8,24,455,515
8,24,455,515
5,21,260,265
5,21,260,265
5,21,260,265
4,21,260,265
5,21,260,265
8,24,455,515
4,21,260,265
6,20,500,516
6,22,500,516
6,22,500,516
6,20,500,516
6,27,272,254
4,22,210,235
4,22,210,235
5,21,260,265
4,21,210,235
4,22,210,235
4,21,210,235
5,21,260,265
4,21,210,235
5,20,260,265
5,20,260,265
4,20,195,260
4,18,310,334
4,17,310,334
7,27,330,270
7,27,330,270
7,25,330,270
6,25,330,270
6,25,348,276
6,32,182,172
6,29,182,172
6,32,182,172
6,29,182,172
6,18,264,222
6,22,264,222
6,32,182,172
6,29,182,172
6,18,264,222
6,22,264,222
6,32,182,172
6,29,182,172
6,29,182,172
6,24,264,222
5,21,260,265
5,21,260,265
6,16,320,335
6,21,320,335
6,18,403,417
6,16,320,335
6,16,320,335
6,18,403,417
6,25,345,288
6,25,385,310
6,24,500,480
6,25,345,288
6,25,385,310
6,25,385,310
6,25,345,288
6,21,320,335
6,16,320,335
6,18,403,417
6,21,320,335
6,21,320,335
6,15,403,417
7,27,330,270
7,27,330,270
7,25,330,270
6,25,330,270
6,21,320,335
6,21,320,335
6,16,352,382
6,15,352,382
6,21,320,335
6,21,320,335
6,16,352,382
6,15,352,382
6,18,403,417
6,18,403,417
7,27,348,276
6,16,320,335
6,16,320,335
6,16,352,382
6,15,352,382
6,21,320,335
6,16,320,335
6,16,352,382
6,15,352,382
6,20,403,417
6,15,403,417
5,18,320,393
5,17,320,393
7,20,400,413
7,20,400,413
6,21,300,270
6,21,300,270
5,24,240,260
5,22,240,260
5,24,240,260
5,22,240,260
6,20,414,295
6,23,300,270
6,23,300,270
6,20,414,295
5,22,300,271
6,24,300,271
5,26,280,254
5,25,305,273
6,25,305,273
6,20,414,295
6,20,414,295
5,26,280,254
5,25,305,273
6,25,305,273
6,20,414,295
6,20,414,295
6,16,324,373
4,20,195,260
4,18,310,334
4,13,310,334
6,17,280,295
6,16,324,373
6,12,280,295
6,31,135,142
5,30,201,170
6,28,201,172
5,27,280,254
6,31,135,142
5,31,201,170
6,29,201,172
5,28,280,254
5,30,201,170
4,20,195,260
4,13,310,334
4,13,310,334
4,23,332,367
4,23,332,367
4,23,332,367
4,23,332,367
4,22,332,367
4,22,332,367
4,22,332,367
4,22,332,367
6,25,345,288
6,25,345,288
6,24,500,480
6,25,385,310
6,25,385,310
4,13,310,334
4,17,310,334
4,12,310,334
4,17,310,334
6,26,310,266
6,27,320,273
6,27,255,214
6,22,600,560
6,22,600,560
6,26,310,266
6,27,255,214
8,24,380,427
6,22,300,295
8,22,500,516
8,23,300,295
8,22,400,369
6,19,550,553
6,19,500,516
6,17,405,369
6,18,405,369
6,17,405,369
6,20,290,273
6,19,385,369
6,20,290,273
6,31,135,142
6,12,280,295
6,16,324,373
6,12,280,295
6,16,324,373
5,32,155,150
4,30,155,150
5,23,155,150
4,30,155,150
5,23,172,167
4,30,172,167
5,32,155,150
4,30,155,150
5,23,155,150
4,30,155,150
5,22,172,167
4,21,172,167
5,29,260,260
4,29,260,260
5,23,155,150
4,30,155,150
5,23,155,150
4,30,155,150
5,32,155,150
4,22,155,150
5,30,172,167
4,21,172,167
6,26,408,310
6,27,265,221
6,27,330,273
6,26,320,273
6,27,265,221
6,26,320,273
6,22,300,262
6,30,300,262
6,30,300,262
4,22,211,216
4,22,211,216
4,27,230,235
4,24,224,226
4,27,170,174
5,27,170,174
4,27,170,174
5,27,170,174
4,24,224,226
4,22,211,216
4,29,211,216
4,20,230,235
6,22,288,270
6,24,288,270
6,24,288,270
6,24,288,270
6,22,288,270
6,22,288,270
6,24,288,270
6,22,288,270
6,22,288,270
6,24,288,270
6,22,288,270
6,24,288,270
5,26,166,162
4,25,166,162
4,23,166,162
4,25,166,162
4,23,166,162
6,30,182,172
6,27,280,259
6,26,280,259
6,30,182,172
6,30,182,172
6,25,252,215
6,27,280,259
6,26,255,217
6,26,255,217
5,26,166,162
4,25,166,162
4,23,166,162
4,25,166,162
5,23,230,213
4,25,166,162
4,23,166,162
5,23,230,213
4,23,166,162
6,16,324,373
6,12,324,373
5,27,248,250
5,27,248,250
5,27,248,250
6,28,248,250
6,28,248,250
6,16,324,373
6,16,324,373
4,20,195,260
4,13,310,334
4,13,310,334
6,12,280,295
6,12,324,373
4,14,302,305
6,16,280,295
6,12,280,295
4,20,195,260
6,12,280,295
4,27,170,174
4,27,170,174
5,23,244,240
5,23,244,240
5,25,244,245
5,25,244,245
4,13,310,334
4,17,310,334
4,13,310,334
4,12,310,334
6,31,185,170
6,29,185,170
4,20,195,260
4,18,310,334
6,31,185,170
6,29,185,170
6,29,185,170
6,29,210,221
6,29,210,221
5,27,210,221
5,27,210,221
5,27,210,221
6,29,210,221
6,29,210,221
5,27,210,221
6,33,150,140
6,32,150,140
6,33,150,140
6,30,150,140
6,30,150,140
6,30,150,140
6,33,150,140
6,32,150,140
6,33,150,140
5,28,210,221
5,28,210,221
6,31,210,221
6,27,210,221
6,27,210,221
6,31,210,221
6,29,210,221
6,29,210,221
4,24,224,226
5,27,170,170
4,26,170,170
4,26,170,170
4,24,224,226
5,27,170,170
4,26,170,170
6,27,268,248
6,25,303,274
6,26,303,274
8,24,342,339
5,34,148,145
5,34,148,145
5,34,148,145
5,34,148,145
4,20,227,237
4,20,227,237
4,23,292,288
4,20,227,237
4,26,227,237
4,26,227,237
4,26,227,237
4,20,227,237
4,26,227,237
4,26,227,237
4,26,227,237
4,22,292,288
4,26,227,237
6,21,220,258
6,30,182,172
6,17,470,443
6,20,470,443
5,28,210,221
6,27,210,221
6,27,210,221
6,29,210,221
5,28,210,221
6,31,210,221
5,23,290,260
5,22,290,260
5,23,290,260
5,20,360,390
5,16,290,260
5,19,360,390
5,17,290,260
5,20,360,390
5,16,290,260
5,19,360,390
5,23,290,260
5,20,360,390
5,22,290,260
5,19,360,390
5,23,290,260
5,20,360,390
5,22,290,260
5,19,360,390
5,16,290,260
5,19,360,390
6,29,210,221
6,31,210,221
6,17,470,443
6,20,470,443
5,25,265,244
5,25,265,244
4,26,170,170
5,27,170,170
4,26,170,170
5,27,170,170
6,23,305,290
5,27,170,170
4,26,170,170
5,21,210,235
5,20,357,389
5,20,210,235
5,19,357,389
5,21,210,235
5,20,357,389
5,20,210,235
5,19,357,389
5,16,420,420
6,23,620,516
4,22,210,235
4,21,210,235
4,22,210,235
4,21,210,235
4,22,210,235
4,21,210,235
4,22,210,235
4,21,210,235
4,22,210,235
4,21,210,235
4,22,210,235
4,21,210,235
4,21,210,235
6,22,230,234
6,22,230,234
6,22,230,234
6,22,230,234
6,17,375,375
6,17,375,375
6,17,375,375
6,17,375,375
4,22,210,235
4,21,210,235
4,22,210,235
4,21,210,235
4,21,210,235
6,18,510,461
6,18,375,375
6,18,375,375
6,18,510,461
6,18,375,375
6,28,240,251
6,28,240,251
6,28,240,251
6,28,240,251
6,28,240,251
6,29,173,166
6,21,283,260
6,29,283,260
6,16,540,434
6,18,375,375
6,17,510,461
6,18,375,375
4,29,173,166
4,19,186,191
6,27,235,232
6,18,375,375
6,17,510,461
4,30,173,166
4,30,173,166
6,17,510,461
6,31,210,221
6,31,210,221
6,27,210,221
5,28,210,221
5,27,210,221
6,29,210,221
6,31,180,173
6,31,180,173
6,31,180,173
6,31,180,173
6,31,180,173
6,31,180,173
5,27,161,162
4,29,161,162
6,17,470,443
6,20,470,443
5,27,161,162
4,29,161,162
6,17,470,443
6,20,470,443
6,29,210,221
5,27,210,221
6,31,210,221
6,27,210,221
5,27,210,221
6,37,121,114
6,36,121,114
6,35,181,177
6,34,181,177
6,33,208,192
6,37,121,114
6,36,121,114
6,35,181,177
6,34,181,177
6,33,208,192
6,37,118,114
6,33,118,114
6,34,172,177
6,32,172,177
6,33,208,192
6,35,121,114
6,35,121,114
6,35,181,177
6,34,181,177
6,33,208,192
6,35,121,114
6,36,121,114
6,35,181,177
6,34,181,177
6,33,208,192
6,36,118,114
6,33,118,114
6,34,172,177
6,32,172,177
6,33,208,192
6,23,385,380
6,22,385,380
6,21,470,424
6,21,470,424
6,21,510,461
6,21,510,461
6,33,169,160
6,33,169,160
6,33,169,160
6,26,252,251
6,33,169,160
6,26,252,251
6,27,235,232
6,35,121,114
6,35,121,114
6,35,181,177
6,34,181,177
6,33,208,192
6,17,510,420
6,18,510,420
6,35,121,114
6,36,121,114
6,35,181,177
6,34,181,177
6,33,208,192
6,36,118,114
6,33,118,114
6,34,172,177
6,32,172,177
6,33,208,192
6,19,470,443
6,19,470,443
4,30,173,166
6,31,173,166
6,31,173,166
6,21,283,260
6,22,385,380
6,22,510,461
6,24,385,380
6,22,510,461
6,22,510,461
5,27,292,260
5,27,292,260
5,25,363,394
5,23,363,394
6,22,385,380
6,22,510,461
4,26,170,170
5,27,170,170
4,24,224,226
6,22,510,461
6,24,385,380
6,23,385,380
6,23,385,380
6,21,510,461
6,21,470,424
5,29,158,141
5,28,172,165
5,28,172,165
5,29,158,141
5,28,172,165
5,28,172,165
5,28,172,165
5,28,172,165
5,28,172,165
5,28,172,165
4,26,178,190
5,23,250,250
4,25,250,250
4,25,250,250
5,23,250,250
5,25,360,389
5,23,360,389
4,25,250,250
5,25,360,389
5,19,425,420
6,25,283,260
6,25,283,260
6,25,283,260
6,23,197,230
6,25,251,259
6,23,197,230
6,23,197,230
6,25,300,310
6,23,385,380
6,21,470,424
6,21,510,461
5,29,158,141
5,28,172,165
5,28,172,165
5,29,158,141
5,28,172,165
5,28,172,165
5,28,172,165
5,28,172,165
6,27,189,133
6,26,217,155
6,26,218,156
6,27,189,133
6,26,218,156
6,33,169,160
6,33,169,160
6,33,169,160
6,26,252,251
6,33,169,160
6,26,252,251
6,27,276,258
6,35,121,114
6,30,121,114
6,32,181,177
6,32,181,177
6,31,181,177
6,30,181,177
6,35,121,114
6,30,121,114
6,32,181,177
6,32,181,177
6,31,181,177
6,30,181,177
4,30,169,160
4,30,170,158
6,33,169,160
6,33,169,160
6,26,252,251
6,33,169,160
6,26,252,251
6,26,240,170
6,26,257,174
6,26,240,170
6,26,240,170
6,27,257,174
5,35,138,125
6,35,138,125
5,35,138,125
6,35,138,125
5,35,138,125
6,35,138,125
4,34,164,159
6,20,405,339
6,20,433,361
6,19,405,339
6,19,433,361
6,20,433,361
6,19,433,361
6,20,400,339
6,19,430,361
6,19,440,361
6,19,202,237
4,19,202,237
6,19,202,237
4,19,202,237
6,19,202,237
4,19,202,237
6,19,202,237
4,19,202,237
6,19,202,237
4,19,202,237
6,19,202,237
4,19,202,237
6,19,202,237
4,19,202,237
6,19,202,237
4,19,202,237
4,19,202,237
6,19,202,237
4,19,202,237
6,19,202,237
4,19,202,237
6,19,202,237
4,19,202,237
6,19,202,237
4,19,202,237
6,19,205,240
4,19,205,240
6,19,205,240
4,19,205,240
6,19,205,240
4,19,205,240
4,20,205,240
6,19,205,240
4,19,205,240
4,20,205,240
6,19,205,240
4,19,205,240
6,19,205,240
4,19,205,240
4,19,205,240
4,25,185,190
5,24,185,190
4,23,185,190
4,23,242,242
4,23,242,242
6,20,400,339
6,19,425,361
6,19,433,361
5,20,250,247
5,20,250,247
5,20,250,247
5,20,250,247
5,20,250,247
5,20,250,247
6,37,121,114
6,36,121,114
6,35,181,177
6,34,181,177
6,33,208,192
4,17,224,275
4,17,224,275
6,28,171,171
6,26,171,171
6,19,240,223
6,23,240,223
6,28,171,171
6,26,171,171
6,19,240,223
6,17,240,223
4,24,175,205
6,25,251,259
6,17,500,383
6,17,500,383
6,24,260,225
6,24,260,225
6,35,178,170
6,35,178,170
6,35,178,170
6,30,268,248
6,35,178,170
6,30,268,248
8,25,240,221
8,26,300,300
5,20,260,271
6,18,260,271
5,20,260,271
5,35,138,125
6,35,138,125
5,35,138,125
6,40,138,148
6,35,138,125
5,35,138,125
6,40,138,148
6,35,138,125
6,21,260,225
6,26,265,425
6,19,350,350
6,21,320,335
6,16,320,335
6,16,320,335
6,21,320,335
6,21,320,335
6,21,320,335
6,26,265,425
8,20,400,450
8,23,300,300
8,23,300,300
8,23,300,300
6,16,352,382
6,15,352,382
6,16,352,382
6,15,352,382
6,21,320,335
6,21,320,335
6,21,320,335
5,25,185,190
4,25,185,190
5,24,185,190
4,23,185,190
4,23,242,242
4,23,242,242
5,25,185,190
4,25,185,190
5,24,185,190
4,23,185,190
4,23,242,242
4,23,242,242
4,26,170,170
5,27,170,170
6,23,305,290
5,27,170,170
4,26,170,170
5,25,265,244
5,25,185,190
4,25,185,190
5,24,185,190
4,23,185,190
4,23,242,242
4,20,300,320
4,23,242,242
4,19,300,320
4,24,224,226
4,26,170,170
6,23,305,290
4,26,170,170
5,27,170,170
5,27,170,170
6,23,305,290
5,25,265,244
4,23,242,242
4,23,242,242
4,20,300,320
4,19,300,320
4,25,185,190
4,23,242,242
4,20,300,320
4,21,242,242
4,19,300,320
4,23,242,242
4,21,242,242
4,20,300,320
4,19,300,320
4,20,215,235
5,13,310,330
5,20,390,407
5,18,310,330
5,19,390,407
5,19,310,330
5,18,310,330
5,20,390,407
5,19,390,407
4,20,215,235
5,13,310,330
5,20,390,407
5,18,310,330
5,19,390,407
5,19,310,330
5,20,390,407
5,12,310,330
5,19,390,407
5,20,390,407
5,19,390,407
5,13,310,330
5,19,390,407
5,19,310,330
5,20,390,407
5,12,310,330
5,19,390,407
5,19,310,330
5,20,390,407
5,12,310,330
5,19,390,407
5,20,390,407
5,19,390,407
5,20,390,407
5,19,390,407
5,20,390,407
5,19,390,407
4,20,195,260
4,19,302,305
6,16,315,335
4,18,195,260
4,13,302,305
6,16,315,335
4,19,302,305
6,16,315,335
4,18,302,305
6,16,315,335
5,20,390,407
5,19,390,407
6,21,320,335
6,16,320,335
6,16,320,335
6,16,320,335
6,21,320,335
6,21,320,335
6,18,400,450
6,21,300,300
6,21,320,335
6,21,320,335
6,21,320,335
6,21,320,335
6,21,320,335
6,21,320,335
8,23,300,300
8,20,400,450
4,23,332,367
4,23,332,367
4,22,332,367
4,22,332,367
6,28,255,220
6,25,300,300
6,24,281,266
6,23,281,266
6,24,281,266
6,23,281,266
6,24,281,266
6,23,281,266
6,24,288,270
6,23,288,270
6,28,255,220
6,26,300,300
6,28,255,220
6,18,403,417
6,13,403,417
6,18,403,417
6,20,403,417
6,15,403,417
6,15,403,417
6,25,265,223
6,22,300,295
6,25,265,223
6,23,265,223
6,23,265,223
4,20,195,260
4,14,302,305
6,21,315,335
4,18,195,260
4,18,302,305
6,16,315,335
4,19,302,305
6,21,315,335
4,18,302,305
6,16,315,335
6,19,470,443
6,17,510,420
6,17,510,420
6,21,220,258
6,33,220,258
6,27,300,295
6,27,300,295
6,33,220,258
6,28,220,258
6,27,300,295
6,28,171,171
6,26,171,171
6,19,240,223
6,17,240,223
6,28,171,171
6,26,171,171
6,25,240,223
6,17,240,223
6,24,281,266
6,23,281,266
6,24,281,266
6,23,281,266
6,24,281,266
6,23,281,266
6,24,288,270
6,23,288,270
6,24,281,266
6,23,281,266
6,24,281,266
6,23,281,266
6,24,281,266
6,23,281,266
6,24,288,270
6,23,288,270
6,29,175,172
6,33,175,172
6,33,175,172
6,21,240,223
6,19,240,223
6,29,175,172
6,31,175,172
6,31,175,172
6,27,240,223
6,25,240,223
6,25,303,274
8,24,342,339
6,26,303,274
6,19,420,346
6,19,420,346
6,19,420,346
6,19,420,346
6,19,420,346
6,19,420,346
4,20,195,260
4,14,302,305
6,16,315,335
4,18,302,305
6,16,315,335
4,19,302,305
4,18,302,305
4,14,302,305
6,16,315,335
6,18,403,417
4,13,302,305
6,21,315,335
6,13,403,417
6,16,315,335
6,13,403,417
6,16,315,335
6,18,403,417
6,21,320,335
6,21,320,335
6,21,320,335
6,21,320,335
6,21,320,335
6,21,320,335
6,16,320,335
6,21,320,335
6,21,320,335
6,21,320,335
6,16,320,335
6,16,320,335
4,26,170,170
5,27,170,170
6,16,315,335
6,16,315,335
6,16,315,335
6,16,315,335
6,16,315,335
6,16,315,335
4,26,170,170
5,27,170,170
5,25,256,247
6,25,265,258
6,27,170,170
6,27,170,170
4,14,302,305
6,21,315,335
4,13,302,305
6,16,315,335
4,19,302,305
4,13,302,305
4,14,302,305
6,16,315,335
6,18,403,417
4,13,302,305
6,21,315,335
6,18,403,417
6,22,315,335
6,21,315,335
6,13,403,417
6,16,315,335
6,18,403,417
6,13,403,417
6,18,403,417
4,20,195,260
4,14,302,305
6,16,315,335
4,18,195,260
4,18,302,305
6,21,315,335
4,14,302,305
6,21,315,335
4,13,302,305
6,21,315,335
4,20,215,235
5,13,310,330
5,20,390,407
5,18,310,330
5,18,390,407
5,19,310,330
5,12,310,330
4,20,215,235
5,19,310,330
5,20,390,407
5,12,310,330
5,18,390,407
5,13,310,330
5,20,390,407
5,12,310,330
5,18,390,407
5,20,390,407
5,18,390,407
5,13,310,330
5,20,390,407
5,12,310,330
5,18,390,407
5,13,310,330
5,20,390,407
5,18,390,407
5,20,390,407
5,18,390,407
5,12,310,330
6,26,204,185
6,29,204,185
6,26,204,185
6,25,306,277
6,25,306,277
5,20,390,407
5,18,390,407
5,25,159,180
4,25,159,180
5,20,159,180
4,21,159,180
5,25,159,180
4,25,159,180
4,25,159,180
5,21,236,266
5,20,159,180
4,21,159,180
6,18,236,266
5,20,236,266
4,25,159,180
4,25,159,180
5,21,236,266
5,21,236,266
6,18,236,266
5,20,236,266
5,20,236,266
6,19,236,266
6,27,204,185
6,30,204,185
6,27,204,185
6,27,306,277
5,26,159,180
4,25,159,180
5,22,159,180
5,26,159,180
5,26,159,180
4,25,159,180
5,26,159,180
6,18,236,266
5,21,236,266
5,22,159,180
6,18,236,266
5,20,236,266
6,18,236,266
5,20,236,266
5,20,236,266
5,21,236,266
5,21,236,266
6,18,236,266
6,21,315,335
4,18,195,260
4,18,302,305
6,21,315,335
4,14,302,305
6,21,315,335
4,13,302,305
6,21,315,335
4,25,185,190
4,23,242,242
4,25,185,190
4,23,242,242
5,24,185,190
4,23,185,190
4,23,242,242
4,23,185,190
4,23,242,242
4,23,242,242
4,23,242,242
4,20,300,320
4,20,300,320
4,21,242,242
4,21,242,242
4,19,300,320
4,20,195,260
4,14,302,305
6,16,315,335
4,13,302,305
6,21,315,335
4,19,302,305
4,13,302,305
4,19,302,305
6,21,315,335
6,19,403,417
4,18,302,305
6,16,315,335
6,19,403,417
6,16,315,335
6,14,403,417
6,16,315,335
4,19,302,305
4,25,185,190
4,23,242,242
4,25,185,190
4,23,242,242
4,23,242,242
4,20,300,320
4,20,300,320
5,24,185,190
4,23,185,190
4,23,242,242
4,23,185,190
4,23,242,242
4,23,242,242
4,19,300,320
6,16,315,335
6,21,315,335
6,16,315,335
6,21,315,335
6,16,315,335
6,16,315,335
4,25,185,190
4,23,242,242
5,25,185,190
4,25,185,190
4,23,242,242
5,24,185,190
4,23,185,190
4,23,242,242
5,24,185,190
4,23,185,190
4,23,242,242
4,23,242,242
4,20,300,320
4,23,242,242
4,20,300,320
4,20,300,320
4,21,242,242
4,19,300,320
4,21,242,242
4,19,300,320
4,25,185,190
4,23,242,242
5,25,185,190
4,25,185,190
4,23,242,242
4,20,300,320
4,23,242,242
4,20,300,320
4,20,300,320
5,24,185,190
4,23,185,190
4,23,242,242
5,24,185,190
4,23,185,190
4,23,242,242
4,19,300,320
4,23,242,242
4,19,300,320
4,14,302,305
6,21,315,335
4,13,302,305
6,16,315,335
4,19,302,305
4,18,302,305
4,19,302,305
6,21,315,335
6,14,403,417
4,13,302,305
6,16,315,335
6,13,403,417
6,16,315,335
6,21,315,335
6,14,403,417
6,16,315,335
6,19,403,417
6,14,403,417
6,13,403,417
5,28,158,162
4,28,158,162
5,28,158,162
4,28,158,162
5,28,158,162
4,28,158,162
5,28,158,162
4,28,158,162
5,28,158,162
4,28,158,162
5,33,128,125
4,33,128,125
5,33,128,125
4,33,128,125
6,18,490,420
5,33,128,125
4,33,128,125
6,18,490,420
5,20,236,266
6,20,310,327
6,17,381,401
6,17,381,401
5,20,236,266
6,18,381,401
6,17,381,401
6,17,381,401
5,20,236,266
6,20,310,327
6,19,310,327
6,18,381,401
6,17,381,401
6,17,381,401
6,18,381,401
6,17,381,401
6,20,310,327
6,19,310,327
6,17,381,401
6,17,381,401
6,20,310,327
6,19,310,327
6,18,381,401
6,17,381,401
6,17,381,401
6,18,381,401
6,26,204,185
6,25,306,277
6,29,204,185
6,27,204,185
6,30,204,185
6,27,306,277
6,23,385,380
6,22,385,380
6,21,470,424
6,21,470,424
6,21,510,461
6,21,510,461
6,17,381,401
6,17,381,401
6,27,170,170
6,25,265,258
5,25,256,247
6,27,170,170
6,18,490,420
6,18,490,420
5,20,261,281
5,19,261,281
5,19,261,281
5,23,152,171
5,22,152,171
5,20,261,281
4,25,185,190
4,23,242,242
5,25,185,190
4,25,185,190
4,23,242,242
5,24,185,190
4,23,185,190
4,23,242,242
5,24,185,190
4,23,185,190
4,23,242,242
4,23,242,242
4,20,300,320
4,23,242,242
4,20,300,320
4,20,300,320
4,21,242,242
4,19,300,320
4,21,242,242
4,19,300,320
4,24,185,190
4,23,242,242
5,26,185,190
4,24,185,190
4,23,242,242
4,20,300,320
4,23,242,242
4,20,300,320
4,20,300,320
5,24,185,190
4,23,185,190
4,22,242,242
5,24,185,190
4,23,185,190
4,22,242,242
4,24,185,190
4,22,242,242
4,19,300,320
5,23,152,171
6,27,170,170
5,25,256,247
6,27,170,170
5,23,152,171
5,20,261,281
5,19,261,281
6,20,261,281
5,20,261,281
5,20,261,281
5,20,261,281
5,20,261,281
5,19,261,281
6,20,261,281
5,19,261,281
5,19,261,281
5,20,261,281
6,20,261,281
5,19,261,281
5,22,152,171
5,20,261,281
6,20,261,281
5,19,261,281
6,20,261,281
5,20,261,281
5,19,261,281
6,20,261,281
6,20,261,281
5,22,152,171
5,19,261,281
6,20,261,281
5,20,261,281
5,20,261,281
5,19,261,281
5,19,261,281
5,23,152,171
5,23,152,171
5,23,152,171
5,20,261,281
5,19,261,281
5,25,256,247
6,27,170,170
6,27,170,170
4,223,332,367
4,23,332,367
4,23,332,367
4,23,332,367
4,22,332,367
4,22,332,367
4,22,332,367
4,22,332,367
4,22,332,367
4,22,332,367
4,20,332,367
4,20,332,367
5,24,230,213
5,27,143,154
7,24,210,400
5,27,143,154
5,24,143,154
5,27,143,154
7,24,210,400
5,27,143,154
5,24,143,154
5,21,207,238
5,20,207,238
5,27,143,154
5,24,143,154
5,19,207,238
5,18,207,238
5,21,207,238
5,20,207,238
5,21,207,238
5,20,207,238
5,19,207,238
5,18,207,238
4,19,302,305
6,21,315,338
4,14,302,305
6,16,315,338
4,18,195,260
4,13,302,305
6,21,315,338
4,18,302,305
6,16,315,338
4,20,195,260
4,14,302,305
6,16,315,338
4,19,302,305
6,21,315,338
4,18,195,260
4,18,302,305
6,16,315,338
4,13,302,305
6,16,315,338
8,23,416,371
8,23,416,371
5,20,261,281
5,20,261,281
5,22,152,171
6,19,261,281
5,23,152,171
5,19,261,281
5,20,261,281
6,20,261,281
5,23,152,171
5,19,261,281
5,19,261,281
6,19,261,281
5,22,152,171
6,32,220,258
6,18,383,403
6,18,383,403
5,27,143,154
5,24,143,154
5,27,143,154
5,24,143,154
5,27,143,154
5,24,143,154
5,27,143,154
5,24,143,154
5,21,207,238
5,21,207,238
5,21,207,238
5,21,207,238
5,19,207,238
5,18,207,238
5,21,207,238
5,21,207,238
5,21,207,238
5,21,207,238
5,19,207,238
5,18,207,238
4,16,225,286
4,16,255,350
4,12,225,286
4,16,255,350
4,12,225,286
4,12,255,350
4,16,225,286
4,15,255,350
4,12,225,286
4,12,255,350
6,24,288,270
6,24,288,270
6,22,288,270
6,22,288,270
6,22,288,270
6,24,288,270
6,24,288,270
6,22,288,270
4,11,255,350
5,13,305,420
4,15,255,350
5,13,305,420
4,15,255,350
5,13,305,420
4,15,255,350
5,13,305,420
4,15,255,350
5,13,305,420
4,15,255,350
5,13,305,420
4,15,255,350
5,13,305,420
4,11,255,350
5,13,305,420
6,36,182,172
6,36,182,172
6,27,303,264
6,18,303,264
6,27,303,264
6,36,182,172
6,27,303,264
6,36,182,172
6,27,303,264
6,19,303,264
6,26,303,264
6,18,303,264
6,19,303,264
4,20,210,235
4,18,210,235
4,20,210,235
5,13,302,329
4,18,210,235
5,13,302,329
4,20,210,235
5,13,302,329
4,18,210,235
5,19,302,329
4,20,210,235
5,19,302,329
4,18,210,235
5,13,302,329
6,20,261,281
5,20,261,281
6,20,261,281
5,20,261,281
6,19,261,281
5,19,261,281
6,19,261,281
5,19,261,281
5,20,261,281
5,19,261,281
5,20,261,281
5,20,261,281
5,19,261,281
5,19,261,281
6,29,220,258
6,22,182,172
6,29,220,258
6,32,220,258
6,31,182,172
6,32,220,258
6,22,182,172
6,29,220,258
6,32,220,258
6,27,270,295
5,25,265,244
6,23,305,290
5,25,265,244
4,17,225,286
4,12,255,350
4,12,225,286
4,16,255,350
4,17,225,286
4,12,255,350
5,19,236,266
6,20,310,327
6,19,310,327
6,18,381,401
6,17,381,401
6,17,381,401
5,19,236,266
6,20,310,327
6,19,310,327
6,18,381,401
6,17,381,401
6,17,381,401
5,19,236,266
6,20,310,327
6,19,310,327
6,18,381,401
6,17,381,401
6,17,381,401
6,20,310,327
6,19,310,327
6,18,381,401
6,17,381,401
6,13,381,401
6,20,310,327
6,19,310,327
6,18,381,401
6,17,381,401
6,13,381,401
6,20,310,327
6,19,310,327
6,18,381,401
6,17,381,401
6,13,381,401
6,20,310,327
6,19,310,327
6,18,381,401
6,17,381,401
6,17,381,401
4,17,225,286
4,12,255,350
4,12,225,286
4,12,255,350
4,17,225,286
4,12,255,350
5,25,265,244
5,25,265,244
5,18,317,385
5,17,317,385
5,18,317,385
5,17,317,385
5,17,317,385
5,18,317,385
5,17,317,385
5,18,317,385
5,18,317,385
5,17,317,385
5,17,317,385
5,17,317,385
5,18,317,385
5,17,317,385
5,18,317,385
5,17,317,385
4,20,210,235
4,18,210,235
4,20,210,235
5,19,302,329
4,18,210,235
5,14,302,329
4,20,210,235
5,19,302,329
4,18,210,235
5,12,302,329
4,20,210,235
5,19,302,329
4,18,210,235
5,19,302,329
5,25,265,244
5,25,265,244
5,25,265,244
5,25,265,244
6,21,315,338
4,19,302,305
4,14,302,305
6,18,403,417
6,16,315,338
6,16,315,338
6,13,403,417
4,18,302,305
6,21,315,338
4,18,302,305
4,13,302,305
6,18,403,417
6,21,315,338
6,13,403,417
5,25,256,247
5,25,256,247
4,14,302,305
6,16,315,338
4,19,302,305
4,14,302,305
6,13,403,417
6,21,315,338
6,13,403,417
4,13,302,305
6,16,315,338
4,13,302,305
4,13,302,305
6,13,403,417
6,21,315,338
6,18,403,417
6,16,315,338
6,21,315,338
6,21,315,338
6,16,315,338
6,21,315,338
6,21,315,338
5,18,317,385
5,13,317,385
5,13,317,385
5,18,317,385
5,17,317,385
5,18,317,385
5,18,317,385
5,17,317,385
5,17,317,385
5,17,317,385
5,18,317,385
5,17,317,385
4,19,302,305
6,16,315,335
4,14,302,305
6,16,315,335
4,18,195,260
4,18,302,305
6,16,315,335
4,13,302,305
6,16,315,335
4,20,195,260
4,19,302,305
6,16,315,335
4,19,302,305
6,16,315,335
4,18,195,260
4,13,302,305
6,21,315,335
4,13,302,305
6,16,315,335
4,17,225,286
4,16,255,350
4,17,225,286
4,16,255,350
4,12,225,286
4,16,255,350
4,12,225,286
4,16,255,350
6,16,315,335
4,19,302,305
4,19,302,305
6,21,315,335
6,19,403,417
6,22,315,335
6,21,315,335
6,19,403,417
4,13,302,305
6,21,315,335
4,13,302,305
4,13,302,305
6,21,315,335
6,19,403,417
6,16,315,335
6,19,403,417
4,17,225,286
4,12,255,350
4,17,225,286
4,12,255,350
4,17,225,286
4,12,255,350
4,12,225,286
4,12,255,350
4,14,302,305
6,16,315,335
4,19,302,305
4,19,302,305
6,16,315,335
6,19,403,417
6,21,315,335
6,19,403,417
4,13,302,305
6,21,315,335
4,18,302,305
4,13,302,305
6,21,315,335
6,13,403,417
6,21,315,335
6,19,403,417
6,16,315,335
6,21,315,335
6,21,315,335
6,21,315,335
6,16,315,335
6,21,315,335
4,16,255,350
5,14,305,420
4,12,255,350
5,14,305,420
4,16,255,350
5,14,305,420
4,16,255,350
5,14,305,420
4,15,255,350
5,14,305,420
4,12,255,350
5,14,305,420
4,12,255,350
5,14,305,420
4,12,255,350
5,14,305,420
5,18,317,385
5,18,317,385
5,17,317,385
5,17,317,385
5,18,317,385
5,13,317,385
5,17,317,385
5,12,317,385
5,17,317,385
5,17,317,385
5,18,317,385
5,13,317,385
5,17,317,385
5,17,317,385
5,18,317,385
5,18,317,385
5,18,317,385
5,13,317,385
5,17,317,385
5,12,317,385
5,17,317,385
5,12,317,385
5,17,317,385
5,17,317,385
5,12,317,385
5,13,317,385
5,17,317,385
5,17,317,385
6,25,265,258
5,25,256,247
5,25,256,247
5,25,256,247
5,25,256,247
5,25,256,247
5,25,256,247
5,18,317,385
5,17,317,385
5,18,317,385
5,17,317,385
5,17,317,385
5,18,317,385
5,17,317,385
5,18,317,385
5,18,317,385
5,17,317,385
5,17,317,385
5,17,317,385
5,18,317,385
5,17,317,385
4,20,210,235
5,19,390,407
5,20,390,407
5,13,310,330
5,20,390,407
5,12,310,330
5,19,390,407
5,19,390,407
5,18,310,330
5,19,390,407
5,20,390,407
5,19,310,330
5,20,390,407
5,13,310,330
5,20,390,407
5,19,390,407
5,18,310,330
5,19,390,407
5,18,310,330
5,19,390,407
5,20,390,407
5,20,390,407
5,13,310,330
5,20,390,407
5,19,390,407
5,19,390,407
5,18,310,330
5,19,390,407
5,18,310,330
6,21,360,380
6,22,365,420
6,15,360,380
6,22,365,420
6,15,360,380
6,22,365,420
6,19,360,380
6,21,365,420
6,19,360,380
6,21,365,420
6,19,360,380
6,21,365,420
6,21,360,380
6,22,365,420
6,19,360,380
6,21,365,420
6,21,360,380
6,22,365,420
6,19,360,380
6,21,365,420
6,15,360,380
6,14,360,380
6,14,360,380
6,21,365,420
6,21,360,380
6,22,365,420
6,18,411,434
6,14,360,380
6,21,365,420
6,16,411,434
6,15,360,380
6,15,360,380
6,22,365,420
6,21,365,420
6,15,360,380
6,22,365,420
6,18,411,434
6,14,360,380
6,21,365,420
6,16,411,434
6,21,360,380
6,22,365,420
6,19,360,380
6,21,365,420
6,17,302,278
6,21,360,380
6,21,302,278
6,14,360,380
6,17,302,278
6,21,360,380
6,21,302,278
6,14,360,380
6,16,411,434
6,16,411,434
6,23,302,278
6,21,360,380
6,21,302,278
6,14,360,380
6,23,365,420
6,21,360,380
6,22,365,420
6,21,302,278
6,14,360,380
6,21,365,420
6,17,302,278
6,21,360,380
6,22,365,420
6,21,302,278
6,19,360,380
6,17,302,278
6,15,360,380
6,21,360,380
6,22,365,420
6,21,302,278
6,14,360,380
6,21,365,420
6,17,302,278
6,23,302,278
6,14,360,380
6,21,365,420
6,21,360,380
6,19,360,380
6,23,302,278
6,15,360,380
6,21,302,278
6,14,360,380
6,17,302,278
6,15,360,380
6,22,365,420
6,19,360,380
6,14,360,380
6,21,365,420
6,17,302,278
6,15,360,380
6,22,365,420
6,21,302,278
6,14,360,380
6,21,365,420
6,17,302,278
6,21,360,380
6,22,365,420
6,19,360,380
6,21,365,420
6,23,302,278
6,15,360,380
6,22,365,420
6,14,360,380
6,21,365,420
6,21,360,380
6,22,365,420
6,19,360,380
6,21,365,420
6,18,411,434
6,16,411,434
6,18,411,434
6,18,310,365
6,13,310,365
6,13,310,365
6,14,310,365
6,18,310,365
6,14,310,365
6,13,310,365
6,20,310,365
6,13,310,365
4,19,248,294
4,18,248,294
6,20,292,320
4,19,248,294
6,21,292,320
4,18,248,294
4,20,292,320
6,18,310,365
4,19,248,294
4,18,248,294
4,19,248,294
6,21,292,320
6,14,310,365
4,18,248,294
6,20,292,320
6,18,310,365
4,19,248,294
6,21,292,320
6,20,310,365
4,18,248,294
6,20,292,320
6,13,310,365
4,19,248,294
6,21,292,320
4,18,248,294
4,19,248,294
6,20,292,320
6,18,310,365
4,19,248,294
6,21,292,320
6,20,292,320
4,19,248,294
6,21,292,320
6,20,292,320
4,19,248,294
4,18,248,294
6,18,310,365
6,13,310,365
4,19,248,294
6,21,292,320
6,20,310,365
4,18,248,294
6,20,292,320
6,18,310,365
6,21,292,320
6,20,292,320
4,19,248,294
6,13,310,365
6,21,292,320
6,20,310,365
6,20,292,320
6,18,310,365
6,21,292,320
6,14,310,365
6,20,292,320
6,13,310,365
6,21,292,320
6,14,310,365
6,20,292,320
6,18,310,365
4,23,332,367
4,23,332,367
4,23,332,367
4,23,332,367
4,22,332,367
4,22,332,367
4,22,332,367
4,22,332,367
6,16,411,434
6,17,470,443
8,32,240,230
8,29,300,300
8,24,400,450
6,26,228,221
7,26,228,221
4,20,215,235
5,13,310,330
5,20,390,407
5,18,310,330
5,19,390,407
5,13,310,330
5,20,390,407
5,18,310,330
5,19,390,407
5,20,310,330
5,19,390,407
5,18,310,330
6,28,230,200
6,27,230,200
6,28,300,300
6,28,230,200
6,28,230,200
6,28,300,300
7,25,300,300
6,26,230,200
6,27,230,200
6,25,230,200
6,25,230,200
5,36,160,146
6,38,160,146
6,37,160,146
6,37,160,146
6,25,332,270
7,25,332,270
7,25,332,270
6,26,332,270
6,26,332,270
6,26,332,270
7,26,332,270
7,26,332,270
6,31,188,177
6,31,188,177
6,40,138,123
8,23,429,376
8,23,429,376
6,26,276,248
6,26,276,248
6,28,175,169
6,26,276,248
6,26,276,248
6,26,276,248
6,28,175,169
6,26,276,248
6,25,175,169
6,14,310,365
6,20,310,365
6,20,310,365
6,14,310,365
6,20,310,365
6,14,310,365
6,14,310,365
6,14,310,365
6,13,310,365
6,18,310,365
6,13,310,365
6,18,310,365
6,13,310,365
6,13,310,365
6,13,310,365
6,18,310,365
5,22,261,281
5,20,261,281
5,22,261,281
6,20,261,281
5,20,261,281
6,20,261,281
5,20,261,281
5,22,266,288
5,20,266,288
5,22,266,288
5,20,266,288
5,22,266,288
5,20,266,288
5,22,266,288
5,20,266,288
5,18,310,388
6,22,260,257
6,21,260,257
6,21,260,257
6,22,260,257
7,29,218,187
7,29,218,187
7,27,218,187
7,27,328,269
7,25,328,269
6,25,328,269
7,27,330,270
7,27,330,270
7,25,330,270
6,25,330,270
6,29,227,236
6,29,227,236
5,28,172,165
5,29,158,141
5,19,317,385
5,19,317,385
5,18,317,385
5,18,317,385
5,19,317,385
5,13,317,385
5,18,317,385
5,18,317,385
5,19,317,385
5,19,317,385
5,18,317,385
5,18,317,385
6,30,204,185
6,27,204,185
6,28,204,185
6,27,306,277
6,26,306,277
6,27,204,185
6,28,204,185
6,30,204,185
8,23,416,371
6,28,268,248
8,24,380,367
8,23,380,367
8,24,380,367
8,23,380,367
6,24,187,186
6,25,266,245
6,24,187,186
6,25,266,245
6,23,266,245
6,25,266,245
6,25,266,245
6,25,266,245
6,23,266,245
6,25,266,245
6,25,266,245
6,23,266,245
8,29,211,258
8,28,372,328
8,28,372,328
8,21,500,463
6,25,360,343
5,34,177,161
5,34,177,161
5,34,177,161
5,34,177,161
5,34,190,162
5,34,190,162
5,30,271,254
5,34,190,162
5,30,271,254
5,32,190,162
5,33,190,162
6,24,270,248
6,25,270,248
5,32,190,162
5,33,190,162
5,33,190,162
6,26,271,251
5,29,271,254
7,25,325,267
6,24,325,267
7,27,348,276
6,25,348,276
6,16,552,354
7,24,297,253
7,24,297,253
7,24,297,253
7,24,297,253
7,23,303,262
7,21,303,262
7,20,390,369
7,20,400,413
7,20,400,413
5,17,290,260
5,17,290,260
5,23,290,260
6,20,360,390
5,23,290,260
6,20,360,390
6,20,360,390
6,20,360,390
5,17,290,260
6,20,360,390
5,23,290,260
6,20,360,390
5,18,465,465
5,23,290,260
5,23,290,260
5,17,290,260
5,23,290,260
5,23,290,260
5,23,290,260
5,23,290,260
5,17,290,260
5,23,270,278
5,22,270,278
5,22,270,278
5,23,270,278
5,22,270,278
5,35,100,98
5,35,100,98
4,34,100,98
4,34,100,98
6,20,310,327
6,18,381,401
6,18,310,327
6,17,381,401
6,17,381,401
6,18,381,401
6,17,381,401
6,17,381,401
5,33,148,135
5,33,148,135
5,33,148,135
6,39,155,148
6,40,155,148
6,40,155,148
6,28,167,168
5,29,167,168
5,25,370,395
5,23,370,395
6,26,200,207
6,27,200,207
6,27,200,207
6,27,200,207
6,27,200,207
6,27,200,207
6,27,200,207
5,27,305,268
5,23,376,410
6,25,376,410
5,23,470,470
6,23,470,470
4,30,173,166
6,31,173,166
6,21,283,260
6,21,283,260
5,32,158,141
5,32,158,141
5,34,115,125
6,29,115,125
5,33,170,177
6,31,170,177
5,33,170,177
6,31,170,177
6,42,140,236
6,33,200,207
6,31,170,177
5,33,170,177
6,31,170,177
6,31,170,177
6,42,140,236
6,31,200,207
6,31,200,207
6,25,280,265
6,38,155,148
6,39,155,148
6,39,155,148
6,28,167,168
5,29,167,168
6,25,263,280
6,25,283,260
6,18,283,260
6,18,283,260
6,18,283,260
6,25,283,260
5,28,167,158
6,28,167,158
6,28,167,158
6,28,167,158
6,28,167,158
6,28,167,158
4,26,173,166
4,26,173,166
6,18,283,260
6,24,283,260
6,18,283,260
6,24,283,260
6,25,283,260
6,24,283,260
6,24,273,270
6,22,273,270
6,24,273,270
6,22,273,270
6,24,273,270
6,22,273,270
6,34,156,144
6,36,156,144
6,36,156,144
6,32,173,168
6,33,156,144
6,34,156,144
6,32,173,168
6,31,173,168
6,36,156,144
6,32,173,168
5,39,140,128
5,36,140,128
5,36,140,128
5,39,140,128
6,35,200,186
6,35,200,186
6,35,200,186
6,34,274,269
6,34,274,269
6,40,138,123
6,40,138,123
6,40,138,123
6,40,138,123
6,35,138,123
6,35,138,123
6,34,164,148
6,34,164,148
6,34,164,148
5,32,170,177
5,32,170,177
6,31,170,177
6,31,170,177
6,31,170,177
6,43,140,236
8,23,280,265
8,23,280,265
8,23,280,265
8,28,225,406
8,28,225,406
8,28,225,406
8,24,380,425
6,24,288,270
6,24,288,270
6,24,288,270
6,24,288,270
6,23,288,270
6,23,288,270
6,23,288,270
6,23,288,270
6,24,288,270
6,23,288,270
6,32,182,172
6,29,182,172
6,32,182,172
6,29,182,172
6,32,182,172
6,29,182,172
6,32,182,172
6,29,182,172
6,18,264,222
6,17,264,222
6,18,264,222
6,23,264,222
6,18,264,222
6,17,264,222
6,21,320,335
6,21,320,335
6,16,320,335
6,16,320,335
6,21,320,335
6,21,320,335
6,21,320,335
6,21,320,335
6,16,352,382
6,15,352,382
6,15,352,382
5,39,140,128
5,39,140,128
6,31,201,170
6,20,360,390
5,41,140,128
6,20,360,390
4,23,332,367
4,23,332,367
5,17,290,260
5,23,290,260
6,20,360,390
5,30,227,236
5,30,227,236
5,28,227,236
4,13,310,334
4,17,310,334
4,17,310,334
4,17,310,334
6,17,280,295
6,16,324,373
6,12,280,295
6,11,324,373
6,12,280,295
6,11,324,373
6,12,280,295
6,11,324,373
5,36,140,128
5,39,140,128
5,36,140,128
5,39,140,128
5,36,140,128
5,39,140,128
5,39,140,128
6,31,201,170
5,33,170,177
6,31,170,177
6,42,140,236
6,31,170,177
6,42,140,236
6,27,256,243
5,28,172,165
6,27,318,275
6,27,318,275
6,27,318,275
6,27,318,275
6,27,318,275
6,27,318,275
6,26,385,380
6,26,385,380
6,21,470,424
6,21,470,424
6,26,385,380
6,22,385,380
6,21,470,424
6,21,470,424
6,21,510,461
6,21,510,461
6,26,270,223
6,27,270,223
6,26,270,223
6,26,270,223
6,27,270,223
6,27,318,275
6,27,318,275
6,27,318,275
6,27,318,275
6,26,270,223
6,20,360,390
6,22,550,502
6,24,385,380
6,22,510,461
6,22,385,380
6,22,510,461
4,21,210,235
4,21,210,235
4,22,210,235
4,21,210,235
4,21,210,235
4,22,210,235
4,22,210,235
6,27,270,223
6,26,270,223
6,27,270,223
6,26,270,223
6,26,318,275
6,26,318,275
6,26,318,275
6,26,318,275
5,27,271,254
6,19,556,551
6,18,556,551
6,23,240,236
6,23,240,236
5,27,271,254
6,24,240,236
6,19,556,551
6,18,556,551
6,24,240,236
5,26,271,254
6,27,256,243
6,25,283,260
6,18,283,260
6,25,283,260
6,25,283,260
6,31,200,207
6,31,200,207
6,20,360,390
6,20,360,390
6,20,360,390
6,20,360,390
6,29,227,236
6,29,227,236
6,29,227,236
6,29,227,236
5,30,227,236
5,30,227,236
5,30,227,236
5,30,227,236
5,28,227,236
5,28,227,236
6,25,240,236
6,25,240,236
6,25,240,236
6,23,300,325
6,23,300,325
6,23,325,354
6,23,325,354
6,31,200,207
6,31,200,207
5,28,172,165
5,28,172,165
5,29,158,141
5,28,172,165
5,29,158,141
5,31,170,177
6,29,170,177
6,30,200,207
6,19,556,551
6,18,556,551
5,21,285,260
6,21,285,260
6,21,285,260
5,21,285,260
5,21,285,260
5,21,285,260
5,21,285,260
6,21,285,260
6,21,285,260
6,21,285,260
6,18,308,265
6,24,308,265
6,17,308,265
6,24,308,265
6,23,308,265
6,18,308,265
6,23,308,265
4,20,195,260
4,18,310,334
4,17,310,334
6,21,285,260
5,21,285,260
6,25,240,236
6,23,300,325
6,25,240,236
6,25,240,236
6,23,300,325
6,28,230,200
6,28,230,200
6,25,230,200
6,25,230,200
6,28,300,300
6,28,300,300
6,26,320,332
7,24,320,332
6,27,300,300
6,27,300,300
6,20,414,295
7,20,414,295
6,23,240,236
6,23,240,236
6,23,240,236
6,23,240,236
6,24,240,236
6,24,240,236
6,24,240,236
6,24,240,236
6,24,240,236
6,24,240,236
6,17,375,375
6,17,375,375
6,17,375,375
6,18,403,417
6,14,403,417
6,15,403,417
6,14,403,417
6,18,403,417
6,18,403,417
6,18,403,417
6,18,403,417
4,23,332,367
4,23,332,367
4,23,332,367
4,23,332,367
6,18,403,417
6,18,403,417
6,18,403,417
6,18,403,417
6,15,403,417
6,13,403,417
6,18,403,417
6,13,403,417
6,18,375,375
6,18,510,461
6,18,510,461
6,18,375,375
6,26,230,200
6,27,230,200
6,28,300,300
6,28,300,300
6,26,320,332
7,24,320,332
6,20,414,295
7,20,414,295
6,18,375,375
6,17,510,461
6,18,375,375
6,17,510,461
6,23,240,236
6,23,240,236
8,34,240,260
8,32,240,260
8,32,240,260
6,29,300,300
8,31,300,300
8,30,300,300
6,22,400,450
8,23,400,450
8,20,400,450
6,23,240,236
6,23,240,236
6,20,470,443
6,20,470,443
6,20,470,443
6,17,470,443
6,17,470,443
6,24,300,271
5,31,201,170
5,31,201,170
6,29,201,170
5,28,280,254
5,30,201,170
6,23,300,270
6,21,300,270
5,34,148,145
5,34,148,145
5,34,148,145
5,34,148,145
5,34,148,145
5,34,148,145
6,27,170,170
6,27,170,170
6,25,265,258
5,25,256,247
5,25,256,247
5,25,256,247
4,30,160,157
4,30,160,157
6,25,230,215
6,26,230,215
6,27,170,170
6,27,170,170
6,27,170,170
6,27,170,170
6,31,180,171
6,31,180,171
6,31,180,171
6,18,510,420
6,17,510,420
6,17,510,420
6,18,510,420
6,31,185,170
6,29,180,170
6,19,470,443
6,19,470,443
6,19,510,420
6,19,510,420
6,19,430,361
6,19,430,361
6,29,220,258
6,20,220,258
6,23,220,258
6,33,220,258
5,27,170,174
4,27,170,174
5,27,170,174
4,27,170,174
4,27,170,174
4,27,170,174
4,24,224,226
4,24,224,226
6,23,220,258
6,21,220,258
6,33,150,140
6,33,150,140
6,30,150,140
6,30,150,140
6,30,150,140
6,19,420,346
6,19,420,346
6,23,220,258
6,28,220,258
6,28,220,258
6,23,220,258
6,28,220,258
6,33,220,258
6,27,263,249
6,25,263,249
6,25,274,270
6,25,355,350
6,23,274,270
6,26,305,280
6,23,305,280
6,24,268,267
6,22,355,350
8,18,505,752
6,14,310,365
6,18,310,365
6,14,310,365
6,13,310,365
6,37,122,128
6,37,122,128
5,33,117,106
5,33,117,106
5,35,117,106
5,33,117,106
5,27,248,250
5,27,248,250
6,28,248,250
5,27,248,250
6,28,248,250
5,25,250,253
5,24,250,253
5,25,250,253
5,24,250,253
5,25,250,253
6,20,552,398
6,20,552,398
6,25,315,330
6,25,315,330